{
  "metadata": {
    "timestamp": "2026-02-02T12:53:04.973845",
    "input_file": "handeye_calibration_data.json",
    "num_samples": 44,
    "method": "Tsai",
    "aruco_dict": "DICT_5X5_100",
    "aruco_size_m": 0.08
  },
  "calibration": {
    "T_cam_to_tool": [
      [
        -0.011256305550022105,
        -0.9996944941439705,
        -0.02200486227167781,
        60.79061376378209
      ],
      [
        0.9999358690113234,
        -0.011226141122957278,
        -0.0014938607889894932,
        14.679595234619303
      ],
      [
        0.0012463747165172706,
        -0.022020266431594694,
        0.9997567476223141,
        -151.50840197500906
      ],
      [
        0.0,
        0.0,
        0.0,
        1.0
      ]
    ],
    "translation_mm": [
      60.79061376378209,
      14.679595234619303,
      -151.50840197500906
    ],
    "rotation_euler_deg": [
      -1.2617712949215933,
      -0.07141202943743089,
      90.64495292210715
    ],
    "rotation_matrix": [
      [
        -0.011256305550022105,
        -0.9996944941439705,
        -0.02200486227167781
      ],
      [
        0.9999358690113234,
        -0.011226141122957278,
        -0.0014938607889894932
      ],
      [
        0.0012463747165172706,
        -0.022020266431594694,
        0.9997567476223141
      ]
    ]
  },
  "verification": {
    "position_error_mm": 3.768569930760607,
    "position_std_mm": 2.1008578502224795,
    "rotation_error_deg": 0.9968018292573853,
    "checkerboard_position_base_mm": [
      147.6512856895717,
      -224.77544418206114,
      -2.5902315488081897
    ],
    "checkerboard_x_axis_base": [
      -0.03486053663658174,
      -0.9988496088759317,
      -0.03292722025631727
    ],
    "checkerboard_z_axis_base": [
      -0.004214750720919467,
      -0.03276764926596086,
      0.9994541095207641
    ],
    "quality": "GOOD"
  },
  "source_data": {
    "z0_reference": [
      136.920029,
      -231.321884,
      1.416724,
      -179.494098,
      0.582698,
      -1.473017
    ],
    "start_position": [
      138.559952,
      -232.821411,
      166.401688,
      -179.494098,
      0.582698,
      -1.473017
    ],
    "camera_resolution": [
      1280,
      720
    ]
  }
}